Country,TotalCases,New_Cases,TotalDeaths,New_Deaths,Total_Recovered,Active_Cases,Serious_or_Critical,Tot_cases_per_million_pop
Italy,21157,3497,1441,175,1966,17750,1518,349.9
Norway,1075,79,2,1,1,1072,27,198.3
Switzerland,1375,236,13,2,4,1358,0,158.9
S. Korea,8086,107,72,5,714,7300,59,157.7
Iran,12729,1365,611,97,4339,7779,0,151.5
Denmark,827,23,1,1,1,825,2,142.8
Spain,6315,1083,193,60,517,5605,293,135.1
Bahrain,212,2,0,0,60,152,2,124.6
Qatar,337,17,0,0,4,333,0,117
Sweden,961,147,2,1,1,958,2,95.2
Slovenia,181,40,1,1,0,180,3,87.1
Estonia,115,36,0,0,0,115,0,86.7
Austria,655,151,1,0,6,648,1,72.7
France,4499,838,91,12,12,4396,154,68.9
Belgium,689,130,4,1,1,684,24,59.4
China,80824,11,3189,13,65573,12062,3610,56.2
Netherlands,959,155,12,2,2,945,45,56
Germany,4525,850,8,0,46,4471,9,54
Finland,225,70,0,0,1,224,0,40.6
Singapore,212,12,0,0,105,107,11,36.2
Ireland,129,39,2,1,0,127,6,26.1
Kuwait,104,4,0,0,5,99,4,24.4
Greece,228,38,3,2,2,223,5,21.9
Israel,178,35,0,0,4,174,3,20.6
Hong Kong,142,10,4,0,81,57,4,18.9
Czechia,189,48,0,0,0,189,2,17.6
Cyprus,21,7,0,0,0,21,0,17.4
UK,1140,342,21,10,18,1101,20,16.8
Portugal,169,57,0,0,2,167,10,16.6
Latvia,26,9,0,0,1,25,0,13.8
Lebanon,93,16,3,0,1,89,3,13.6
Albania,38,5,1,0,0,37,0,13.2
Australia,248,49,3,0,27,218,1,9.7
Croatia,38,6,0,0,1,37,0,9.3
UAE,85,0,0,0,20,65,2,8.6
Panama,36,9,1,0,0,35,0,8.3
Slovakia,44,12,0,0,0,44,0,8.1
USA,2499,252,55,6,49,2395,10,7.5
Georgia,30,5,0,0,0,30,0,7.5
Malaysia,238,41,0,0,35,203,4,7.4
Palestine,38,3,0,0,0,38,0,7.4
Japan,804,70,22,1,122,660,35,6.4
North Macedonia,13,0,0,0,1,12,0,6.2
Armenia,18,10,0,0,0,18,0,6.1
Canada,225,27,1,0,11,213,1,6
Romania,116,21,0,0,9,107,1,6
Bulgaria,41,10,2,1,0,39,0,5.9
Bosnia and Herzegovina,18,0,0,0,0,18,0,5.5
Serbia,46,11,0,0,0,46,0,5.3
Costa Rica,26,3,0,0,0,26,0,5.1
Oman,19,0,0,0,9,10,0,3.7
Chile,61,18,0,0,0,61,0,3.2
Hungary,30,11,0,0,1,29,0,3.1
Saudi Arabia,103,17,0,0,1,102,0,3
Moldova,12,6,0,0,0,12,0,3
Belarus,27,0,0,0,3,24,0,2.9
Lithuania,8,2,0,0,1,7,0,2.9
Iraq,110,9,10,1,26,74,0,2.7
Jamaica,8,0,0,0,0,8,0,2.7
Poland,93,25,2,0,0,91,3,2.5
Taiwan,53,3,1,0,20,32,0,2.2
Ecuador,28,5,1,0,0,27,0,1.6
Tunisia,18,2,0,0,0,18,0,1.5
Azerbaijan,15,0,1,0,3,11,0,1.5
Trinidad and Tobago,2,1,0,0,0,2,0,1.4
Senegal,21,0,0,0,2,19,0,1.3
Thailand,82,7,1,0,35,46,1,1.2
Peru,38,0,0,0,0,38,0,1.2
New Zealand,6,0,0,0,0,6,0,1.2
Uruguay,4,0,0,0,0,4,0,1.2
Philippines,111,47,8,3,2,101,1,1
Dominican Republic,11,6,0,0,0,11,0,1
Paraguay,7,1,0,0,0,7,0,1
Puerto Rico,3,0,0,0,0,3,0,1
Egypt,93,0,2,0,27,64,0,0.9
Bolivia,10,0,0,0,0,10,0,0.9
Eswatini,1,1,0,0,0,1,0,0.9
Algeria,37,11,3,1,10,24,0,0.8
Argentina,34,0,2,0,0,32,0,0.8
Namibia,2,2,0,0,0,2,0,0.8
Brazil,151,0,0,0,1,150,2,0.7
South Africa,38,14,0,0,0,38,0,0.6
Vietnam,53,9,0,0,16,37,0,0.5
Morocco,17,10,1,0,1,15,0,0.5
Sri Lanka,10,4,0,0,1,9,0,0.5
Indonesia,96,27,5,1,8,83,0,0.4
Russia,59,14,0,0,8,51,0,0.4
Colombia,22,6,0,0,0,22,0,0.4
Cambodia,7,0,0,0,1,6,0,0.4
Cuba,4,0,0,0,0,4,0,0.4
Gabon,1,0,0,0,0,1,0,0.4
Afghanistan,11,4,0,0,0,11,0,0.3
Kazakhstan,6,2,0,0,0,6,0,0.3
Honduras,3,1,0,0,0,3,0,0.3
Mongolia,1,0,0,0,0,1,0,0.3
Mexico,26,11,0,0,4,22,0,0.2
Mauritania,1,0,0,0,0,1,0,0.2
India,97,15,2,0,10,85,0,0.1
Pakistan,31,3,0,0,2,29,0,0.1
Turkey,5,0,0,0,0,5,0,0.1
Ukraine,3,0,1,0,0,2,0,0.1
Burkina Faso,2,0,0,0,0,2,0,0.1
Cameroon,2,0,0,0,0,2,0,0.1
Ghana,2,0,0,0,0,2,0,0.1
Venezuela,2,0,0,0,0,2,0,0.1
Jordan,1,0,0,0,1,0,0,0.1
Guatemala,1,0,0,0,0,1,0,0.1
Guinea,1,0,0,0,0,1,0,0.1
Rwanda,1,1,0,0,0,1,0,0.1
Togo,1,0,0,0,0,1,0,0.1
Diamond Princess,696,0,7,0,325,364,32,0
Iceland,156,22,0,0,0,156,0,0
San Marino,101,21,5,0,4,92,3,0
Luxembourg,51,13,1,0,0,50,0,0
Brunei,40,3,0,0,0,40,0,0
Malta,18,6,0,0,1,17,0,0
Macao,10,0,0,0,10,0,0,0
Maldives,10,1,0,0,0,10,0,0
Faeroe Islands,9,6,0,0,0,9,0,0
French Guiana,7,1,0,0,0,7,0,0
Martinique,6,3,0,0,0,6,0,0
Réunion,6,1,0,0,0,6,0,0
Bangladesh,5,2,0,0,2,3,0,0
Liechtenstein,4,0,0,0,0,4,0,0
Channel Islands,3,0,0,0,0,3,0,0
French Polynesia,3,0,0,0,0,3,0,0
Monaco,2,0,0,0,0,2,0,0
Nigeria,2,0,0,0,0,2,0,0
Aruba,2,0,0,0,0,2,0,0
DRC,2,0,0,0,0,2,0,0
Saint Martin,2,0,0,0,0,2,0,0
Guyana,1,0,1,0,0,0,0,0
Sudan,1,0,1,0,0,0,0,0
Andorra,1,0,0,0,0,1,0,0
Nepal,1,0,0,0,1,0,0,0
Antigua and Barbuda,1,0,0,0,0,1,0,0
Bhutan,1,0,0,0,0,1,0,0
Cayman Islands,1,0,0,0,0,1,0,0
Ivory Coast,1,0,0,0,0,1,0,0
Curaçao,1,0,0,0,0,1,0,0
Ethiopia,1,0,0,0,0,1,0,0
Gibraltar,1,0,0,0,1,0,0,0
Guadeloupe,1,0,0,0,0,1,0,0
Vatican City,1,0,0,0,0,1,0,0
Kenya,1,0,0,0,0,1,0,0
St. Barth,1,0,0,0,0,1,0,0
Saint Lucia,1,0,0,0,0,1,0,0
St. Vincent Grenadines,1,0,0,0,0,1,0,0
Suriname,1,0,0,0,0,1,0,0
U.S. Virgin Islands,1,1,0,0,0,1,0,0
Total:,"1,55,834",10363,5814,398,74279,75741,5925,20
